Title,Creator,Date,Description,Subject,Coverage,Rights,Thumbnail,Link
"La Primavera [Two images of ship, one from down the bay, one of men standing on dock next to ship]","Palmquist, Peter E.",,,Humboldt Bay; Ships; Piers & wharves; People,05 - Humboldt Bay and Eureka,,https://cdm16166.contentdm.oclc.org/utils/getthumbnail/collection/palmquistyale/id/0,https://cdm16166.contentdm.oclc.org/digital/collection/palmquistyale/id/0
"[Highway 36 through Bridgeville; store, post office, bridge]",Swanlund Studio,,For Eureka Chamber of Commerce.,Businesses; Automobiles; Bridgeville; Bridges; Roads,07 - Carlotta east to Trinity County line,,https://cdm16166.contentdm.oclc.org/utils/getthumbnail/collection/palmquistyale/id/1,https://cdm16166.contentdm.oclc.org/digital/collection/palmquistyale/id/1
"Mill Pond of The Pacific Lumber Co., Scotia, Calif.",Art-Ray,,,Landscapes; Mills; Railroads; Scotia; People; Pacific Lumber Company,09 - Southeastern Humboldt County,,https://cdm16166.contentdm.oclc.org/utils/getthumbnail/collection/palmquistyale/id/2,https://cdm16166.contentdm.oclc.org/digital/collection/palmquistyale/id/2
"Arcata Road race - Lou Brero Memorial [Sports race cars and other vehicles parked on a raceway, many people]","Kilburn, Kenneth",,Edie Butler (2012) states ''Person in car is son of person for who the memorial is being held in 2012.02.0154'',Automobiles; People,04 - Arcata to Blue Lake to Korbel,,https://cdm16166.contentdm.oclc.org/utils/getthumbnail/collection/palmquistyale/id/3,https://cdm16166.contentdm.oclc.org/digital/collection/palmquistyale/id/3
Waiting for Rations [Two women with burdern baskets sitting under tree],"McGraw, Nellie Tichenor",,Nellie McGraw (Hedgpeth) photo album:  2012.02.0655 - .0742,Homes; Indians; People; Indian Baskets,01 - North and northeastern Humboldt County,,https://cdm16166.contentdm.oclc.org/utils/getthumbnail/collection/palmquistyale/id/4,https://cdm16166.contentdm.oclc.org/digital/collection/palmquistyale/id/4
"NWP depot [Northwestern Pacific Railroad Depot, Eureka]","Kilburn, Kenneth",,,Automobiles; Eureka; Railroads; Buildings,05 - Humboldt Bay and Eureka,,https://cdm16166.contentdm.oclc.org/utils/getthumbnail/collection/palmquistyale/id/5,https://cdm16166.contentdm.oclc.org/digital/collection/palmquistyale/id/5
"Tower Lodge, Pepperwood Calif.  On Famous Redwood Highway.",Art-Ray,,,Businesses; Automobiles; Roads; Pepperwood,09 - Southeastern Humboldt County,,https://cdm16166.contentdm.oclc.org/utils/getthumbnail/collection/palmquistyale/id/6,https://cdm16166.contentdm.oclc.org/digital/collection/palmquistyale/id/6
The Girls Dormatory,"McGraw, Nellie Tichenor",,Nellie McGraw (Hedgpeth) photo album:  2012.02.0655 - .0742,Hoopa; Schools; Buildings; People,01 - North and northeastern Humboldt County,,https://cdm16166.contentdm.oclc.org/utils/getthumbnail/collection/palmquistyale/id/7,https://cdm16166.contentdm.oclc.org/digital/collection/palmquistyale/id/7
NWP Station 1st Street [Northwestern Pacific Depot in Eureka on a busy day],,,2012.02.0270 and 2012.02.0271 are nearly identical,Automobiles; Bicycles; Eureka; Railroads; Buildings; People,05 - Humboldt Bay and Eureka,,https://cdm16166.contentdm.oclc.org/utils/getthumbnail/collection/palmquistyale/id/8,https://cdm16166.contentdm.oclc.org/digital/collection/palmquistyale/id/8
School Campus [People gathered for an activity in large open area],"McGraw, Nellie Tichenor",,Nellie McGraw (Hedgpeth) photo album:  2012.02.0655 - .0742,Hoopa; Schools; People,01 - North and northeastern Humboldt County,,https://cdm16166.contentdm.oclc.org/utils/getthumbnail/collection/palmquistyale/id/9,https://cdm16166.contentdm.oclc.org/digital/collection/palmquistyale/id/9
[Eugene and Susie Baker Fountain standing in yard of their Blue Lake home],"Palmquist, Peter E.",,,"Fountain, Susie Baker; Fountain, Eugene Homes; Portraits - Couple",04 - Arcata to Blue Lake to Korbel,,https://cdm16166.contentdm.oclc.org/utils/getthumbnail/collection/palmquistyale/id/10,https://cdm16166.contentdm.oclc.org/digital/collection/palmquistyale/id/10
Our Children and Their Parents [Mono Indians of California's Central Valley],"McGraw, Nellie Tichenor",,Nellie McGraw (Hedgpeth) photo album:  2012.02.0655 - .0742,Portraits - Group; Indians,12 - California,,https://cdm16166.contentdm.oclc.org/utils/getthumbnail/collection/palmquistyale/id/11,https://cdm16166.contentdm.oclc.org/digital/collection/palmquistyale/id/11
[Highway 101 and Shively Rd intersection],"Kilburn, Kenneth",,,Automobiles; Bridges; Landscapes; Roads,09 - Southeastern Humboldt County,,https://cdm16166.contentdm.oclc.org/utils/getthumbnail/collection/palmquistyale/id/12,https://cdm16166.contentdm.oclc.org/digital/collection/palmquistyale/id/12
Basket Makers [Mono Indians of California's Central Valley],"McGraw, Nellie Tichenor",,Nellie McGraw (Hedgpeth) photo album:  2012.02.0655 - .0742,Indians; Portraits - Female; Indian Baskets,12 - California,,https://cdm16166.contentdm.oclc.org/utils/getthumbnail/collection/palmquistyale/id/13,https://cdm16166.contentdm.oclc.org/digital/collection/palmquistyale/id/13
Arcata Mill fire. May 1965 [Sound Lumber],"Palmquist, Peter E.",,,Arcata; Fires; Fire department; Mills,04 - Arcata to Blue Lake to Korbel,,https://cdm16166.contentdm.oclc.org/utils/getthumbnail/collection/palmquistyale/id/14,https://cdm16166.contentdm.oclc.org/digital/collection/palmquistyale/id/14
Arcata Mill fire. May 1965 [Sound Lumber],"Palmquist, Peter E.",,,Arcata; Fires; Fire department; Mills,04 - Arcata to Blue Lake to Korbel,,https://cdm16166.contentdm.oclc.org/utils/getthumbnail/collection/palmquistyale/id/15,https://cdm16166.contentdm.oclc.org/digital/collection/palmquistyale/id/15
"Weott, California, On Famous California Redwood Highway.",Art-Ray,,,Businesses; Automobiles; Streets; Weott,09 - Southeastern Humboldt County,,https://cdm16166.contentdm.oclc.org/utils/getthumbnail/collection/palmquistyale/id/16,https://cdm16166.contentdm.oclc.org/digital/collection/palmquistyale/id/16
"Fortuna, Calif.  Looking west on Main St. from Ninth St. Intersection.",Art-Ray,,Linda Gardner (Jan. 2013) states ''It is really looking west from 11th street in Fortuna.'',Businesses; Automobiles; Fortuna; Cityscapes; People; Streets,06 - Loleta south to Bear River watershed,,https://cdm16166.contentdm.oclc.org/utils/getthumbnail/collection/palmquistyale/id/17,https://cdm16166.contentdm.oclc.org/digital/collection/palmquistyale/id/17
"Lumber Mill Sequence, December 1960 [Close up view of wire cable and stack of lumber]","Palmquist, Peter E.",,,Lumbering; Mills,00 - Location not specified,,https://cdm16166.contentdm.oclc.org/utils/getthumbnail/collection/palmquistyale/id/18,https://cdm16166.contentdm.oclc.org/digital/collection/palmquistyale/id/18
"Main St., Rohnerville Rd. and Fortuna Blvd. intersection",Swanlund Studio,,For Eureka Chamber of Commerce.,Automobiles; Fortuna; Landscapes; Buildings,06 - Loleta south to Bear River watershed,,https://cdm16166.contentdm.oclc.org/utils/getthumbnail/collection/palmquistyale/id/19,https://cdm16166.contentdm.oclc.org/digital/collection/palmquistyale/id/19
La Primavera [Bird's eye view of dock with forklift and deck of ship],"Palmquist, Peter E.",,,Humboldt Bay; Ships; Piers & wharves; Machinery,05 - Humboldt Bay and Eureka,,https://cdm16166.contentdm.oclc.org/utils/getthumbnail/collection/palmquistyale/id/20,https://cdm16166.contentdm.oclc.org/digital/collection/palmquistyale/id/20
Bridge at Shively [Men working on structure over Eel River],"McCormick, Evelyn",,,Eel River; Bridges; Construction & repair; People,09 - Southeastern Humboldt County,,https://cdm16166.contentdm.oclc.org/utils/getthumbnail/collection/palmquistyale/id/21,https://cdm16166.contentdm.oclc.org/digital/collection/palmquistyale/id/21
[Panoramic view of docks near Dolbeer Carson Mill on Humboldt Bay],,,'Martha Eureka''  on boat at dock,Carson Mansion; Humboldt Bay; Mills; Boats; Buildings; Piers & wharves; People,05 - Humboldt Bay and Eureka,,https://cdm16166.contentdm.oclc.org/utils/getthumbnail/collection/palmquistyale/id/22,https://cdm16166.contentdm.oclc.org/digital/collection/palmquistyale/id/22
Eyesores. 1966 [Wrecked car in the underbrush in a ravine],"Palmquist, Peter E.",,,Automobiles,17 - Within Humboldt County,,https://cdm16166.contentdm.oclc.org/utils/getthumbnail/collection/palmquistyale/id/23,https://cdm16166.contentdm.oclc.org/digital/collection/palmquistyale/id/23
[Forklift moving lumber in large lumber yard],"Palmquist, Peter E.",,,Lumbering; Machinery,17 - Within Humboldt County,,https://cdm16166.contentdm.oclc.org/utils/getthumbnail/collection/palmquistyale/id/24,https://cdm16166.contentdm.oclc.org/digital/collection/palmquistyale/id/24
Arcata Mill fire. May 1965 [Sound Lumber],"Palmquist, Peter E.",,,Arcata; Fires; Fire department; Mills,04 - Arcata to Blue Lake to Korbel,,https://cdm16166.contentdm.oclc.org/utils/getthumbnail/collection/palmquistyale/id/25,https://cdm16166.contentdm.oclc.org/digital/collection/palmquistyale/id/25
Eyesores. 1966 [Wrecked cars and parked cars behind state office building on Second St.],"Palmquist, Peter E.",,Behind Department of Fish and Game office,Automobiles; Eureka,05 - Humboldt Bay and Eureka,,https://cdm16166.contentdm.oclc.org/utils/getthumbnail/collection/palmquistyale/id/26,https://cdm16166.contentdm.oclc.org/digital/collection/palmquistyale/id/26
"Bridge at Martin's Ferry   Humboldt, Calif.","Pitt, Ada",,,Bridges; Klamath River; Landscapes; Martin Chr(39) s Ferry,01 - North and northeastern Humboldt County,,https://cdm16166.contentdm.oclc.org/utils/getthumbnail/collection/palmquistyale/id/27,https://cdm16166.contentdm.oclc.org/digital/collection/palmquistyale/id/27
[Plank road leading into Falk Mill],,,,Homes; Falk; Landscapes; Mills; Roads,05 - Humboldt Bay and Eureka,,https://cdm16166.contentdm.oclc.org/utils/getthumbnail/collection/palmquistyale/id/28,https://cdm16166.contentdm.oclc.org/digital/collection/palmquistyale/id/28
[Ship on fire in Crescent City Harbor],"Hulbert, Neil",,,Fires; Crescent City; Ships; Boats; Piers & wharves,18 - Del Norte County,,https://cdm16166.contentdm.oclc.org/utils/getthumbnail/collection/palmquistyale/id/29,https://cdm16166.contentdm.oclc.org/digital/collection/palmquistyale/id/29
Arcata Mill fire. May 1965 [Sound Lumber],"Palmquist, Peter E.",,,Arcata; Fires; Fire department; Mills,04 - Arcata to Blue Lake to Korbel,,https://cdm16166.contentdm.oclc.org/utils/getthumbnail/collection/palmquistyale/id/30,https://cdm16166.contentdm.oclc.org/digital/collection/palmquistyale/id/30
Arcata Mill fire. May 1965 [Sound Lumber],"Palmquist, Peter E.",,,Arcata; Fires; Fire department; Mills,04 - Arcata to Blue Lake to Korbel,,https://cdm16166.contentdm.oclc.org/utils/getthumbnail/collection/palmquistyale/id/31,https://cdm16166.contentdm.oclc.org/digital/collection/palmquistyale/id/31
"La Primavera [Two images, very similar of deck of ship and log raft tied up next to the ship]","Palmquist, Peter E.",,,Humboldt Bay; Lumbering; Ships,05 - Humboldt Bay and Eureka,,https://cdm16166.contentdm.oclc.org/utils/getthumbnail/collection/palmquistyale/id/32,https://cdm16166.contentdm.oclc.org/digital/collection/palmquistyale/id/32
[Hostler Ranch/unknown] [Hoopa Valley],,,First part of title is missing; probably Hostler was what was written.,Hoopa; Landscapes; Trinity River; Buildings,01 - North and northeastern Humboldt County,,https://cdm16166.contentdm.oclc.org/utils/getthumbnail/collection/palmquistyale/id/33,https://cdm16166.contentdm.oclc.org/digital/collection/palmquistyale/id/33
[Pacific Gas and Electric Power Plant at King Salmon],"Johnson, Craig",,,Buildings; King Salmon,05 - Humboldt Bay and Eureka,,https://cdm16166.contentdm.oclc.org/utils/getthumbnail/collection/palmquistyale/id/34,https://cdm16166.contentdm.oclc.org/digital/collection/palmquistyale/id/34
"Eyesores. 1966 [Washed up boards and floatsom, probably by Humboldt Bay]","Palmquist, Peter E.",,,Humboldt Bay; Landscapes,05 - Humboldt Bay and Eureka,,https://cdm16166.contentdm.oclc.org/utils/getthumbnail/collection/palmquistyale/id/35,https://cdm16166.contentdm.oclc.org/digital/collection/palmquistyale/id/35
Arcata Mill fire. May 1965 [Sound Lumber],"Palmquist, Peter E.",,,Arcata; Fires; Fire department; Mills,04 - Arcata to Blue Lake to Korbel,,https://cdm16166.contentdm.oclc.org/utils/getthumbnail/collection/palmquistyale/id/36,https://cdm16166.contentdm.oclc.org/digital/collection/palmquistyale/id/36
Church Hoopa Indian Reservation,Seely Bros.,,,Churches; Hoopa; Roads,01 - North and northeastern Humboldt County,,https://cdm16166.contentdm.oclc.org/utils/getthumbnail/collection/palmquistyale/id/37,https://cdm16166.contentdm.oclc.org/digital/collection/palmquistyale/id/37
"Eyesores. 1966 [Trading Post - Samoa Road with chairs, washing machines, water heaters on display]","Palmquist, Peter E.",,See also 2012.02.0510,Businesses; Landscapes,04 - Arcata to Blue Lake to Korbel,,https://cdm16166.contentdm.oclc.org/utils/getthumbnail/collection/palmquistyale/id/38,https://cdm16166.contentdm.oclc.org/digital/collection/palmquistyale/id/38
"[Second St. near C St in Eureka; Herbs, Cecelia's Caf�, Fairwind]","Kilburn, Kenneth",,,Businesses; Automobiles; Eureka; People,05 - Humboldt Bay and Eureka,,https://cdm16166.contentdm.oclc.org/utils/getthumbnail/collection/palmquistyale/id/39,https://cdm16166.contentdm.oclc.org/digital/collection/palmquistyale/id/39
Eureka and waterfront aerial [Aerial view of central Eureka and waterfront],"Swanlund, David Harper",,Shows Balloon Tract / Track,Aerial Views; Eureka; Humboldt Bay; Mills; Railroads; Ships; Boats; Piers & wharves; Woodley Island,05 - Humboldt Bay and Eureka,,https://cdm16166.contentdm.oclc.org/utils/getthumbnail/collection/palmquistyale/id/40,https://cdm16166.contentdm.oclc.org/digital/collection/palmquistyale/id/40
"George Allen, Sea Grant [1- George Allen looking at a oyster shell amid a huge pile of shells]","Palmquist, Peter E.",,,"Allen, George Buildings; People",04 - Arcata to Blue Lake to Korbel,,https://cdm16166.contentdm.oclc.org/utils/getthumbnail/collection/palmquistyale/id/41,https://cdm16166.contentdm.oclc.org/digital/collection/palmquistyale/id/41
[Logging series - Two men tightening load of logs on a logging truck],"Palmquist, Peter E.",,"Image published in A Logger's Lexicon by Labbe and Carranco, p. 14, ''Tightening the binder on the belly wrapper, before heading for the Simpson Timber Company plant in Humboldt County, California''",Lumbering; Portraits - Work place; Machinery,17 - Within Humboldt County,,https://cdm16166.contentdm.oclc.org/utils/getthumbnail/collection/palmquistyale/id/42,https://cdm16166.contentdm.oclc.org/digital/collection/palmquistyale/id/42
Camp Weott [Cabins and outbuildings at Camp Weott],,,,Buildings,06 - Loleta south to Bear River watershed,,https://cdm16166.contentdm.oclc.org/utils/getthumbnail/collection/palmquistyale/id/43,https://cdm16166.contentdm.oclc.org/digital/collection/palmquistyale/id/43
"[Intersection of Fourth St and Myrtle Ave., Eureka]",Swanlund Studio,,Christie's Motel and Texaco signs.  For Eureka Chamber of Commerce.,Homes; Automobiles; Eureka; Roads; People,05 - Humboldt Bay and Eureka,,https://cdm16166.contentdm.oclc.org/utils/getthumbnail/collection/palmquistyale/id/44,https://cdm16166.contentdm.oclc.org/digital/collection/palmquistyale/id/44
[Loggers setting chokers or bucking up sections on felled tree],"Swanlund, David Harper",,For Eureka Chamber of Commerce.,Lumbering; People; Equipment,17 - Within Humboldt County,,https://cdm16166.contentdm.oclc.org/utils/getthumbnail/collection/palmquistyale/id/45,https://cdm16166.contentdm.oclc.org/digital/collection/palmquistyale/id/45
Eyesores. 1966 [Small commercial building with broken windows],"Palmquist, Peter E.",,"No Vacancy sign on front of building, gas station across street",Businesses; Automobiles; Buildings,17 - Within Humboldt County,,https://cdm16166.contentdm.oclc.org/utils/getthumbnail/collection/palmquistyale/id/46,https://cdm16166.contentdm.oclc.org/digital/collection/palmquistyale/id/46
"Lumberman's Jubilee, July 1962 [Logger displaying his clock trohpy]","Palmquist, Peter E.",,,Portraits - Group; Recreation; People; Celebrations,00 - Location not specified,,https://cdm16166.contentdm.oclc.org/utils/getthumbnail/collection/palmquistyale/id/47,https://cdm16166.contentdm.oclc.org/digital/collection/palmquistyale/id/47
"Lumberman's Jubilee, July 1962 [Cat moving logs for the jubilee events]","Palmquist, Peter E.",,,Recreation; People; Celebrations; Machinery,00 - Location not specified,,https://cdm16166.contentdm.oclc.org/utils/getthumbnail/collection/palmquistyale/id/48,https://cdm16166.contentdm.oclc.org/digital/collection/palmquistyale/id/48
Arcata Mill fire. May 1965 [Sound Lumber],"Palmquist, Peter E.",,,Arcata; Fires; Fire department; Mills,04 - Arcata to Blue Lake to Korbel,,https://cdm16166.contentdm.oclc.org/utils/getthumbnail/collection/palmquistyale/id/49,https://cdm16166.contentdm.oclc.org/digital/collection/palmquistyale/id/49
"[Large crowd watching a parade at corner of G and 9th Sts, Arcata]",Arcata Union,,,Arcata; Hotels; Arcata Plaza; Buildings; People; Parades & processions,04 - Arcata to Blue Lake to Korbel,,https://cdm16166.contentdm.oclc.org/utils/getthumbnail/collection/palmquistyale/id/50,https://cdm16166.contentdm.oclc.org/digital/collection/palmquistyale/id/50
[Sequoia Park band shell and playground],"Kilburn, Kenneth",,,Eureka; Sequoia Park; Recreation,05 - Humboldt Bay and Eureka,,https://cdm16166.contentdm.oclc.org/utils/getthumbnail/collection/palmquistyale/id/51,https://cdm16166.contentdm.oclc.org/digital/collection/palmquistyale/id/51
"Lumberman's Jubilee, July 1962 [Man with chainsaw sawing a log]","Palmquist, Peter E.",,,Recreation; People; Celebrations,00 - Location not specified,,https://cdm16166.contentdm.oclc.org/utils/getthumbnail/collection/palmquistyale/id/52,https://cdm16166.contentdm.oclc.org/digital/collection/palmquistyale/id/52
[Crowd gathering along street; flags and bunting decorations],Seely Bros.,,Steven Lazar (May 2013) states ''shows the Star Hotel and public school as well.'' Probably Fouth of July; possibly a parade getting underway.  See also 2012.02.0180,Fortuna; People; Celebrations; Streets,06 - Loleta south to Bear River watershed,,https://cdm16166.contentdm.oclc.org/utils/getthumbnail/collection/palmquistyale/id/53,https://cdm16166.contentdm.oclc.org/digital/collection/palmquistyale/id/53
Eyesores. 1966 [Two conical burners and wood debris at a mill site],"Palmquist, Peter E.",,Teepee burners,Landscapes; Lumbering; Mills,17 - Within Humboldt County,,https://cdm16166.contentdm.oclc.org/utils/getthumbnail/collection/palmquistyale/id/54,https://cdm16166.contentdm.oclc.org/digital/collection/palmquistyale/id/54
Arcata Mill fire. May 1965 [Sound Lumber],"Palmquist, Peter E.",,,Arcata; Fires; Fire department; Mills,04 - Arcata to Blue Lake to Korbel,,https://cdm16166.contentdm.oclc.org/utils/getthumbnail/collection/palmquistyale/id/55,https://cdm16166.contentdm.oclc.org/digital/collection/palmquistyale/id/55
Arcata Mill fire. May 1965 [Sound Lumber],"Palmquist, Peter E.",,,Arcata; Fires; Fire department; Mills,04 - Arcata to Blue Lake to Korbel,,https://cdm16166.contentdm.oclc.org/utils/getthumbnail/collection/palmquistyale/id/56,https://cdm16166.contentdm.oclc.org/digital/collection/palmquistyale/id/56
[Steroscopic view of ranch in Hoopa Valley],A. P. Flaglor,,'181'' in border of photo,Hoopa; Landscapes; Buildings; Ranches,01 - North and northeastern Humboldt County,,https://cdm16166.contentdm.oclc.org/utils/getthumbnail/collection/palmquistyale/id/57,https://cdm16166.contentdm.oclc.org/digital/collection/palmquistyale/id/57
[Panoramic view of shipbuilding on Humboldt Bay],,,,Landscapes; Shipbuilding; Machinery,05 - Humboldt Bay and Eureka,,https://cdm16166.contentdm.oclc.org/utils/getthumbnail/collection/palmquistyale/id/58,https://cdm16166.contentdm.oclc.org/digital/collection/palmquistyale/id/58
A Funeral [Backs of people gathered at a cemetery],"McGraw, Nellie Tichenor",,Nellie McGraw (Hedgpeth) photo album:  2012.02.0655 - .0742,Hoopa; Indians; Indian Baskets,01 - North and northeastern Humboldt County,,https://cdm16166.contentdm.oclc.org/utils/getthumbnail/collection/palmquistyale/id/59,https://cdm16166.contentdm.oclc.org/digital/collection/palmquistyale/id/59
"Lumber Mill Sequence, December 1960 [View of conical burner through opning in wall of a inoperable sawmill]","Palmquist, Peter E.",,teepee burner,Lumbering; Mills,00 - Location not specified,,https://cdm16166.contentdm.oclc.org/utils/getthumbnail/collection/palmquistyale/id/60,https://cdm16166.contentdm.oclc.org/digital/collection/palmquistyale/id/60
"Lumberman's Jubilee, July 1962 [Two men standing on a floating log]","Palmquist, Peter E.",,,Recreation; People; Celebrations,00 - Location not specified,,https://cdm16166.contentdm.oclc.org/utils/getthumbnail/collection/palmquistyale/id/61,https://cdm16166.contentdm.oclc.org/digital/collection/palmquistyale/id/61
Minnie Spott [Young woman wearing ceremonial regalia],"Lange, William",,,"Spott, Minnie Indians; Regalia",17 - Within Humboldt County,,https://cdm16166.contentdm.oclc.org/utils/getthumbnail/collection/palmquistyale/id/62,https://cdm16166.contentdm.oclc.org/digital/collection/palmquistyale/id/62
"Logs for Indian canoes, Korbel [Simpson providing logs for Yurok Indian canoes; selecting the logs - 2]","Palmquist, Peter E.",,Humboldt State College (University) representatives were involved.,"Parsons, Tom Indians; Korbel; People",04 - Arcata to Blue Lake to Korbel,,https://cdm16166.contentdm.oclc.org/utils/getthumbnail/collection/palmquistyale/id/63,https://cdm16166.contentdm.oclc.org/digital/collection/palmquistyale/id/63
"South of Alton, North of Rio Dell; 4 lanes divided [Highway 101]",California Division of Highways,,Fortuna Trailer Village advertisement on bill board,Automobiles; Landscapes; Roads,06 - Loleta south to Bear River watershed,,https://cdm16166.contentdm.oclc.org/utils/getthumbnail/collection/palmquistyale/id/64,https://cdm16166.contentdm.oclc.org/digital/collection/palmquistyale/id/64
The Bridge at Willow Creek,"McGraw, Nellie Tichenor",,Nellie McGraw (Hedgpeth) photo album:  2012.02.0655 - .0742,Bridges; Landscapes; Roads; Willow Creek,01 - North and northeastern Humboldt County,,https://cdm16166.contentdm.oclc.org/utils/getthumbnail/collection/palmquistyale/id/65,https://cdm16166.contentdm.oclc.org/digital/collection/palmquistyale/id/65
Eyesores. 1966 [Wrecked cars and trucks parked near a small home],"Palmquist, Peter E.",,,Homes; Automobiles,17 - Within Humboldt County,,https://cdm16166.contentdm.oclc.org/utils/getthumbnail/collection/palmquistyale/id/66,https://cdm16166.contentdm.oclc.org/digital/collection/palmquistyale/id/66
[Hoopa Valley - S.W./pp],"Cherry, Edgar",,"Noted on image:  Post,  Aunt Nancy Ranch, agency, Supply Creek Canyon, down which the trail travels",Hoopa; Landscapes; Buildings,01 - North and northeastern Humboldt County,,https://cdm16166.contentdm.oclc.org/utils/getthumbnail/collection/palmquistyale/id/67,https://cdm16166.contentdm.oclc.org/digital/collection/palmquistyale/id/67
La Primavera [Ship tied to dock with men working on log raft],"Palmquist, Peter E.",,,Humboldt Bay; Lumbering; Ships; Piers & wharves,05 - Humboldt Bay and Eureka,,https://cdm16166.contentdm.oclc.org/utils/getthumbnail/collection/palmquistyale/id/68,https://cdm16166.contentdm.oclc.org/digital/collection/palmquistyale/id/68
[Group posing in front of Hotel Wm Lucas],Seely Bros.,,"Windmill in front of hotel, watertank tower behind.",Businesses; Hotels; Buildings; People,17 - Within Humboldt County,,https://cdm16166.contentdm.oclc.org/utils/getthumbnail/collection/palmquistyale/id/69,https://cdm16166.contentdm.oclc.org/digital/collection/palmquistyale/id/69
"At G St., looking west on Fifth St., Eureka, Calif.",Art-Ray,,,Businesses; Automobiles; Eureka; Cityscapes; Streets,05 - Humboldt Bay and Eureka,,https://cdm16166.contentdm.oclc.org/utils/getthumbnail/collection/palmquistyale/id/70,https://cdm16166.contentdm.oclc.org/digital/collection/palmquistyale/id/70
Arcata Mill fire. May 1965 [Sound Lumber],"Palmquist, Peter E.",,,Arcata; Fires; Fire department; Mills,04 - Arcata to Blue Lake to Korbel,,https://cdm16166.contentdm.oclc.org/utils/getthumbnail/collection/palmquistyale/id/71,https://cdm16166.contentdm.oclc.org/digital/collection/palmquistyale/id/71
[Days of General Grant Parade],Eureka Chamber of Commerce,,,Bicycles; Eureka; Buildings; People; Celebrations; Parades & processions,05 - Humboldt Bay and Eureka,,https://cdm16166.contentdm.oclc.org/utils/getthumbnail/collection/palmquistyale/id/72,https://cdm16166.contentdm.oclc.org/digital/collection/palmquistyale/id/72
Acorn Flour [Mono Indians of California's Central Valley],"McGraw, Nellie Tichenor",,Nellie McGraw (Hedgpeth) photo album:  2012.02.0655 - .0742,Indians; Indian Baskets,12 - California,,https://cdm16166.contentdm.oclc.org/utils/getthumbnail/collection/palmquistyale/id/73,https://cdm16166.contentdm.oclc.org/digital/collection/palmquistyale/id/73
Eyesores. 1966 [Trash along a dock on Humboldt Bay],"Palmquist, Peter E.",,,Humboldt Bay; Boats; Piers & wharves,05 - Humboldt Bay and Eureka,,https://cdm16166.contentdm.oclc.org/utils/getthumbnail/collection/palmquistyale/id/74,https://cdm16166.contentdm.oclc.org/digital/collection/palmquistyale/id/74
A Salmon Dam -- Billie to my Rescue [Man walking across top beam of fish dam on Trinity River],"McGraw, Nellie Tichenor",,Same image as 2012.02.0722 Nellie McGraw (Hedgpeth) photo album:  2012.02.0655 - .0742,Fishing; Hoopa; Indians; Trinity River; People,01 - North and northeastern Humboldt County,,https://cdm16166.contentdm.oclc.org/utils/getthumbnail/collection/palmquistyale/id/75,https://cdm16166.contentdm.oclc.org/digital/collection/palmquistyale/id/75
[Sequoia Park entrance],"Kilburn, Kenneth",,,Eureka; Sequoia Park,05 - Humboldt Bay and Eureka,,https://cdm16166.contentdm.oclc.org/utils/getthumbnail/collection/palmquistyale/id/76,https://cdm16166.contentdm.oclc.org/digital/collection/palmquistyale/id/76
[Man posing by harpoon machine used in hunting whales],"Kilburn, Kenneth",,,Fields Landing; Portraits - Male; Equipment,05 - Humboldt Bay and Eureka,,https://cdm16166.contentdm.oclc.org/utils/getthumbnail/collection/palmquistyale/id/77,https://cdm16166.contentdm.oclc.org/digital/collection/palmquistyale/id/77
Off To Capture Championship [Humboldt State University football team],,,"Photo from Redwood Empire Association News Bureau.  Caption on verso:  ''OFF TO CAPTURE CHAMPIONSHOP'' - Humboldt State College football team of Eureka, California left on an Americans Airlines DC-6 charter Tuesday night from San Francisco International Airport bound for St. Petersburg, Florida and a chance at the National Association of Inter-collegiate Athletes Championship (N.A.I.A.).  The play-off is against Lenoir Rhyne College of Hickory, North Carolina.  Under the fine coaching of Phil Sarboe Humboldt State College has been undefeated this season.  In the past ten years this small college (enrollment 2009) has won the championship three times.''",Portraits - Male; Sports; Humboldt State University,04 - Arcata to Blue Lake to Korbel,,https://cdm16166.contentdm.oclc.org/utils/getthumbnail/collection/palmquistyale/id/78,https://cdm16166.contentdm.oclc.org/digital/collection/palmquistyale/id/78
Arcat Plaza fire- northwest corner,Arcata Union,,Clothing stores and pharmacy destroyed,Businesses; Arcata Plaza; Fires; People,04 - Arcata to Blue Lake to Korbel,,https://cdm16166.contentdm.oclc.org/utils/getthumbnail/collection/palmquistyale/id/79,https://cdm16166.contentdm.oclc.org/digital/collection/palmquistyale/id/79
[Logging camp buildings in a clearcut with railroad on steep uphill grade],Seely Bros.,,Possibly in Korbel area.,Landscapes; Lumbering; Railroads; Buildings; Camps,17 - Within Humboldt County,,https://cdm16166.contentdm.oclc.org/utils/getthumbnail/collection/palmquistyale/id/80,https://cdm16166.contentdm.oclc.org/digital/collection/palmquistyale/id/80
[Aerial view of central Eureka looking East],"Swanlund, David Harper",,For Eureka Chamber of Commerce.,Aerial Views; Eureka; Cityscapes,05 - Humboldt Bay and Eureka,,https://cdm16166.contentdm.oclc.org/utils/getthumbnail/collection/palmquistyale/id/81,https://cdm16166.contentdm.oclc.org/digital/collection/palmquistyale/id/81
Arcata Mill fire. May 1965 [Sound Lumber],"Palmquist, Peter E.",,,Arcata; Fires; Fire department; Mills,04 - Arcata to Blue Lake to Korbel,,https://cdm16166.contentdm.oclc.org/utils/getthumbnail/collection/palmquistyale/id/82,https://cdm16166.contentdm.oclc.org/digital/collection/palmquistyale/id/82
[John Towns working at a pulp mill],"Johnson, Craig",,,"Towns, John Mills; Portraits - Work place",05 - Humboldt Bay and Eureka,,https://cdm16166.contentdm.oclc.org/utils/getthumbnail/collection/palmquistyale/id/83,https://cdm16166.contentdm.oclc.org/digital/collection/palmquistyale/id/83
[Robert Kennedy campaigning in Eureka],KIEM-TV,,At the Eureka Inn ?,Eureka,05 - Humboldt Bay and Eureka,,https://cdm16166.contentdm.oclc.org/utils/getthumbnail/collection/palmquistyale/id/84,https://cdm16166.contentdm.oclc.org/digital/collection/palmquistyale/id/84
[Broadway and waterfront aerial view of Eureka],"Kilburn, Kenneth",,Shows Balloon Track or Tract.,Aerial Views; Eureka; Waterfront; Humboldt Bay,05 - Humboldt Bay and Eureka,,https://cdm16166.contentdm.oclc.org/utils/getthumbnail/collection/palmquistyale/id/85,https://cdm16166.contentdm.oclc.org/digital/collection/palmquistyale/id/85
Old Courthouse at 2nd St. between I and J Sts. [Old Humboldt County Courthouse damaged by fire],Eureka Chamber of Commerce,,Note on verso seems to indicate the information about the image was noted on 3/20/1960.,Eureka; Fire department; Humboldt County Courthouse; People,05 - Humboldt Bay and Eureka,,https://cdm16166.contentdm.oclc.org/utils/getthumbnail/collection/palmquistyale/id/86,https://cdm16166.contentdm.oclc.org/digital/collection/palmquistyale/id/86
[Aerial View of industry along Humboldt Bay facing East],"Swanlund, David Harper",,Chicago Bridge and Iron ?  site. For Eureka Chamber of Commerce.,Eureka; Humboldt Bay; Indian Island; Mills; Railroads; Ships; Piers & wharves; Woodley Island,05 - Humboldt Bay and Eureka,,https://cdm16166.contentdm.oclc.org/utils/getthumbnail/collection/palmquistyale/id/87,https://cdm16166.contentdm.oclc.org/digital/collection/palmquistyale/id/87
Swimming a Pack Train [Men crossing in a small boat],"McGraw, Nellie Tichenor",,Nellie McGraw (Hedgpeth) photo album:  2012.02.0655 - .0742,Hoopa; Pack trains; Trinity River; Boats; People; Animals,01 - North and northeastern Humboldt County,,https://cdm16166.contentdm.oclc.org/utils/getthumbnail/collection/palmquistyale/id/88,https://cdm16166.contentdm.oclc.org/digital/collection/palmquistyale/id/88
La Primavera [Two images of ship tied to wharf; one shot is of the bow of the ship],"Palmquist, Peter E.",,,Humboldt Bay; Ships; Piers & wharves,05 - Humboldt Bay and Eureka,,https://cdm16166.contentdm.oclc.org/utils/getthumbnail/collection/palmquistyale/id/89,https://cdm16166.contentdm.oclc.org/digital/collection/palmquistyale/id/89
[Panoramic view of sawmill on Humboldt Bay],,,,Humboldt Bay; Mills; Piers & wharves,05 - Humboldt Bay and Eureka,,https://cdm16166.contentdm.oclc.org/utils/getthumbnail/collection/palmquistyale/id/90,https://cdm16166.contentdm.oclc.org/digital/collection/palmquistyale/id/90
"Looking north on F. St. from Fifth Intersection, Eureka, Cal.",Art-Ray,,,Businesses; Automobiles; Eureka; Cityscapes; People; Streets,05 - Humboldt Bay and Eureka,,https://cdm16166.contentdm.oclc.org/utils/getthumbnail/collection/palmquistyale/id/91,https://cdm16166.contentdm.oclc.org/digital/collection/palmquistyale/id/91
Arcata Mill fire. May 1965 [Sound Lumber],"Palmquist, Peter E.",,,Arcata; Fires; Fire department; Mills,04 - Arcata to Blue Lake to Korbel,,https://cdm16166.contentdm.oclc.org/utils/getthumbnail/collection/palmquistyale/id/92,https://cdm16166.contentdm.oclc.org/digital/collection/palmquistyale/id/92
"[Fifth and E Streets, Eureka]","Kilburn, Kenneth",,,Businesses; Automobiles; Eureka; Cityscapes,05 - Humboldt Bay and Eureka,,https://cdm16166.contentdm.oclc.org/utils/getthumbnail/collection/palmquistyale/id/93,https://cdm16166.contentdm.oclc.org/digital/collection/palmquistyale/id/93
"Lumberman's Jubilee, July 1962 [Three men with clipboard and stopwatch recording competition results]","Palmquist, Peter E.",,,Recreation; People; Celebrations,00 - Location not specified,,https://cdm16166.contentdm.oclc.org/utils/getthumbnail/collection/palmquistyale/id/94,https://cdm16166.contentdm.oclc.org/digital/collection/palmquistyale/id/94
Arcata Mill fire. May 1965 [Sound Lumber],"Palmquist, Peter E.",,,Arcata; Fires; Fire department; Mills,04 - Arcata to Blue Lake to Korbel,,https://cdm16166.contentdm.oclc.org/utils/getthumbnail/collection/palmquistyale/id/95,https://cdm16166.contentdm.oclc.org/digital/collection/palmquistyale/id/95
[Group portrait of young school children],"McGraw, Nellie Tichenor",,Nellie McGraw (Hedgpeth) photo album:  2012.02.0655 - .0742,Hoopa; Portraits - School,01 - North and northeastern Humboldt County,,https://cdm16166.contentdm.oclc.org/utils/getthumbnail/collection/palmquistyale/id/96,https://cdm16166.contentdm.oclc.org/digital/collection/palmquistyale/id/96
Jackson Ranch,"McGraw, Nellie Tichenor",,Nellie McGraw (Hedgpeth) photo album:  2012.02.0655 - .0742,Hoopa; Landscapes; Ranches,01 - North and northeastern Humboldt County,,https://cdm16166.contentdm.oclc.org/utils/getthumbnail/collection/palmquistyale/id/97,https://cdm16166.contentdm.oclc.org/digital/collection/palmquistyale/id/97
[The Santa Malta at dock and lumber stacked on the dock],"Swanlund, David Harper",,For Eureka Chamber of Commerce.,Humboldt Bay; Lumbering; Ships,05 - Humboldt Bay and Eureka,,https://cdm16166.contentdm.oclc.org/utils/getthumbnail/collection/palmquistyale/id/98,https://cdm16166.contentdm.oclc.org/digital/collection/palmquistyale/id/98
"Lumber Mill Sequence, December 1960 [Mill building, wire spools, shadow of photographer]","Palmquist, Peter E.",,,Lumbering; Mills,00 - Location not specified,,https://cdm16166.contentdm.oclc.org/utils/getthumbnail/collection/palmquistyale/id/99,https://cdm16166.contentdm.oclc.org/digital/collection/palmquistyale/id/99
"Interview of Arthur Davidson for the “Meet the Old Timers""; Arthur Davidson discusses panning for gold, Indian-settler relations, industry and development in Arcata, Orick, and events/stories about fishing, including Indian eel-fishing techniques","Davidson, Arthur",2025-05-12T23:56:51Z,"Interview of Arthur Davidson for the “Meet the Old Timers""; Arthur Davidson discusses panning for gold, Indian-settler relations, industry and development in Arcata, Orick, and events/stories about fishing, including Indian eel-fishing techniques https://digitalcommons.humboldt.edu/old_timers/1001/thumbnail.jpg",Oral History Oral History History Oral History,DigitalCommons,Cal Poly Humboldt Library,https://img.icons8.com/color/96/microphone.png,https://digitalcommons.humboldt.edu/old_timers/2
"Euell, Charlie","Charlie, Euell",2025-05-13T22:04:25Z,Mr Euell shares stories of early Eureka/Arcata regions https://digitalcommons.humboldt.edu/old_timers/1002/thumbnail.jpg,Oral History Oral History History Oral History,DigitalCommons,Cal Poly Humboldt Library,https://img.icons8.com/color/96/microphone.png,https://digitalcommons.humboldt.edu/old_timers/3
Interview of Mrs. Alpha Frasier for the “Meet the Old Timers” Radio Show on KIEM,"Frasier, Alpha",2025-05-13T22:46:21Z,Interview of Mrs. Alpha Frasier for the “Meet the Old Timers” Radio Show on KIEM https://digitalcommons.humboldt.edu/old_timers/1003/thumbnail.jpg,Oral History Oral History History Oral History,DigitalCommons,Cal Poly Humboldt Library,https://img.icons8.com/color/96/microphone.png,https://digitalcommons.humboldt.edu/old_timers/4
Interview of Ralph Frost for the “Meet the Old Timers” Radio Show on KIEM,"Frost, Ralph C.",2025-05-15T22:21:16Z,Interview of Ralph Frost for the “Meet the Old Timers” Radio Show on KIEM https://digitalcommons.humboldt.edu/old_timers/1004/thumbnail.jpg,Oral History Oral History History Oral History,DigitalCommons,Cal Poly Humboldt Library,https://img.icons8.com/color/96/microphone.png,https://digitalcommons.humboldt.edu/old_timers/5
"Gallup, Bill","Gallup, Bill",2025-05-15T22:36:38Z,"Mr. Gallup talks about his upbringing in the Humboldt Bay area. He lists the names of many boats and their captains. He recounts some stories and details about living and working in the shipping industry. In particular he goes into vivid visual descriptions of the business happening around Arcata Wharf/Arcata Dock. Announcer reveals a “surprise” about Bill being a member of the “Alaska Yukon Sourdoughs,” a brotherhood of Alaskan pioneers. Gallup talks on his views of Alaska as a “frontier for America” and how the Sourdoughs are involved. He goes on to describe the need for roads to expand the mining industry in Northern California. Mentions some of the minerals being exchanged between Northern California and Alaska. Gallup talks about his time as a farmer for a brief moment. He says that the mining industry “ruins the ground” and needs reforms with regard to the ecology of topsoil. He highlights the importance of health in the communities surrounding mines and those who work in them. https://digitalcommons.humboldt.edu/old_timers/1005/thumbnail.jpg",Oral History Oral History Mining Northern California Agricultural and Resource Economics Forest Management History Oral History,DigitalCommons,Cal Poly Humboldt Library,https://img.icons8.com/color/96/microphone.png,https://digitalcommons.humboldt.edu/old_timers/6
Interview of Ada Hannah for the “Meet the Old Timers” Radio Show on KIEM,"Hannah, Ada",2025-05-15T23:03:08Z,Interview of Ada Hannah for the “Meet the Old Timers” Radio Show on KIEM https://digitalcommons.humboldt.edu/old_timers/1007/thumbnail.jpg,Oral History Oral History History Oral History,DigitalCommons,Cal Poly Humboldt Library,https://img.icons8.com/color/96/microphone.png,https://digitalcommons.humboldt.edu/old_timers/8
Interview of Haakon Hanson for the “Meet the Old Timers” Radio Show on KIEM,"Hanson, Haakon",2025-05-15T23:09:57Z,Interview of Haakon Hanson for the “Meet the Old Timers” Radio Show on KIEM https://digitalcommons.humboldt.edu/old_timers/1008/thumbnail.jpg,Oral History Oral History Northern California History Oral History,DigitalCommons,Cal Poly Humboldt Library,https://img.icons8.com/color/96/microphone.png,https://digitalcommons.humboldt.edu/old_timers/9
Interview of Frank Hearst for the “Meet the Old Timers” Radio Show on KIEM,"Hearst, Frank",2025-05-15T23:14:40Z,Interview of Frank Hearst for the “Meet the Old Timers” Radio Show on KIEM https://digitalcommons.humboldt.edu/old_timers/1009/thumbnail.jpg,Oral History Oral History Northern California History Oral History,DigitalCommons,Cal Poly Humboldt Library,https://img.icons8.com/color/96/microphone.png,https://digitalcommons.humboldt.edu/old_timers/10
Interview of Bill Glaspole for the “Meet the Old Timers” Radio Show on KIEM,"Glaspole, Bill",1948-05-19T07:00:00Z,Interview of Bill Glaspole for the “Meet the Old Timers” Radio Show on KIEM https://digitalcommons.humboldt.edu/old_timers/1006/thumbnail.jpg,Oral History Oral History Northern California History Oral History,DigitalCommons,Cal Poly Humboldt Library,https://img.icons8.com/color/96/microphone.png,https://digitalcommons.humboldt.edu/old_timers/7
Interview of Addie Carr for the “Meet the Old Timers” Radio Show on KIEM,"Carr, Addie",2025-05-12T23:42:06Z,Interview of Addie Carr for the “Meet the Old Timers” Radio Show on KIEM https://digitalcommons.humboldt.edu/old_timers/1000/thumbnail.jpg,Oral History Oral History History Oral History,DigitalCommons,Cal Poly Humboldt Library,https://img.icons8.com/color/96/microphone.png,https://digitalcommons.humboldt.edu/old_timers/1
"Jewett, Arthur","Jewett, Arthur M",2025-05-15T23:50:01Z,"For ""Jewett, Arthur M. Side 1"": Jewett describes the discovery of Cape Mendocino, a mining trip along the Trinity, a group leaving Rich Bar to make a journey north to the Big Lagoon, and the group making their way to the Mad River. Discussed are the namesakes of Trinity and Mad river and many stories about some of the first colonists of the Humboldt Bay (“The Greg Party”) and their methods of survival, relationship to the native population, settlements, organization of Eureka, Trinidad, and Uniontown. Jewett discusses some of his personal collection of photographs of ships. He mentions a time when John Vance loses his temper. Mr Jewett expresses the importance of saving collections of photographs before they are lost and mentions some of them possibly being from San Francisco. https://digitalcommons.humboldt.edu/old_timers/1010/thumbnail.jpg",Oral History Oral History Northern California Mad River Trinity River Humboldt Bay Greg Party John Vance History Oral History,DigitalCommons,Cal Poly Humboldt Library,https://img.icons8.com/color/96/microphone.png,https://digitalcommons.humboldt.edu/old_timers/11
Interview of Jesse B. Jones for the “Meet the Old Timers” Radio Show on KIEM,"Jones, Jesse B.",2025-05-16T00:11:02Z,Interview of Jesse B. Jones for the “Meet the Old Timers” Radio Show on KIEM https://digitalcommons.humboldt.edu/old_timers/1011/thumbnail.jpg,Oral History Oral History Northern California History Oral History,DigitalCommons,Cal Poly Humboldt Library,https://img.icons8.com/color/96/microphone.png,https://digitalcommons.humboldt.edu/old_timers/12
"Alternative Waste Disposal Collection  Finding Aid,",Archives,Multiple Dates,"This collection contains documents regarding alternative waste water disposal in the Northern California area, specifically within Humboldt County, and focuses on the issues and research concerning the topic of dry toilet use. The collection contains a variety of documents such as: public records, private and public correspondence, legal documents, journal articles and newspaper clippings. The records span the dates 1968-1980, with the bulk of the material falling between 1975-1979.","House construction Housing Housing, Rural Self-reliant living Sewage disposal in the ground Sewage Waste disposal in the ground",Finding Aid,Rights Reserved,https://img.icons8.com/color/96/folder-invoices--v1.png,https://csu-humboldt.primo.exlibrisgroup.com/permalink/01CALS_HUL/omcour/alma999649651302909
"Arcata City Collection  Finding Aid,",Archives,Multiple Dates,"The collection consists of historical material from various city offices of Arcata, California. The documents reflect the planning, finances, management, and departments for the City of Arcata over a 100 year span. Photographs, maps, and scrapbooks complete the collection and create a look at how the City of Arcata functioned as a government body. The collection's strengths include court documents from the 1930s (with numerous citations due to prohibition) early city ordinances dating from 1874, street number assignments from 1916, city department documents, election documents, and photographs.",City planning City planning. Politics and government. Arcata (Calif.) Arcata (Calif.) Arcata (Calif.) California,Finding Aid,Rights Reserved,https://img.icons8.com/color/96/folder-invoices--v1.png,https://csu-humboldt.primo.exlibrisgroup.com/permalink/01CALS_HUL/omcour/alma999688644702909
"Arcata Ballot Measure G Collection  Finding Aid,",Archives,Multiple Dates,"This collection contains information about Measure G, a ballot initiative for Arcata, California, that requested a ℓ cents sales tax increase to fund infrastructure and public services. The measure passed by a vote of 63.49% on November 4, 2008. The collection contains annotated meeting agendas and minutes, newspaper clippings, campaign ephemera, and reports.",Women Femmes Politics and government. Women Arcata (Calif.) Arcata (Calif.) California,Finding Aid,Rights Reserved,https://img.icons8.com/color/96/folder-invoices--v1.png,https://csu-humboldt.primo.exlibrisgroup.com/permalink/01CALS_HUL/omcour/alma999688644802909
"Courtney (Claire) Collection  Finding Aid,",Archives,Multiple Dates,"The collection contains notes and documents from the formative years of the Humboldt County chapter of the American Civil Liberties Union, the Humboldt County Human Rights Commission, League of Women Voters, reproductive rights organizations, and the Humboldt Bay League (precursor of the Humboldt Bay Recreation and Conservation District).",Human rights Droits de l'homme (Droit international) Human rights. California,Finding Aid,Rights Reserved,https://img.icons8.com/color/96/folder-invoices--v1.png,https://csu-humboldt.primo.exlibrisgroup.com/permalink/01CALS_HUL/omcour/alma999688644902909
"College Elementary School (CES) Collection  Finding Aid,",Archives,Multiple Dates,The collection consists of various historical and administrative materials that were both gathered and generated by the June 1991 reunion of Humboldt State University's College Elementary School (CES) members. The documents reflect both the unique and shared experiences of CES members while simultaneously helping to frame an understanding of the program's operations and its impact on campus.,Humboldt State College. Humboldt State University. Humboldt State University Humboldt State University,Finding Aid,Rights Reserved,https://img.icons8.com/color/96/folder-invoices--v1.png,https://csu-humboldt.primo.exlibrisgroup.com/permalink/01CALS_HUL/omcour/alma999688645102909
"Clausen (Don) Congressional Papers  Finding Aid,",Archives,Multiple Dates,"The Don H. Clausen Congressional Papers document Mr. Clausen's House of Representative service January 1963 - January 1983 as well as selected materials about his career and public service since 1983. Highlights of the collection are materials relating to the creation of Redwood National Park (in 1968) and its expansion (in 1978), securing the funding for the Lake Sonoma/Warm Springs Dam project, the King Range National Recreation Area, the Golden Gate National Recreation Area, establishing the 200 mile off-shore fishing limit, the forestry and wine industries, the rivers--especially Eel, Russian, and Klamath, Native American concerns, and aviation--especially aviation education. The photographs (1582 folders) are detailed in a database that is searchable in this finding aid.","Clausen, Don H. Clausen, Don H. Aeronautics Aéronautique Aeronautics Politics and government. California, Northern California, Northern Eel River (Calif.) King Range National Conservation Area (Calif.) Klamath River (Or. and Calif.) Sonoma, Lake (Calif.) Redwood National Park (Calif.) Russian River (Calif.) Warm Springs Dam Californie (Nord) Eel (Calif. : Fleuve) Klamath (Or. et Calif. : Fleuve) Redwood National Park (Calif.) California California California Northern California. California California United States",Finding Aid,Rights Reserved,https://img.icons8.com/color/96/folder-invoices--v1.png,https://csu-humboldt.primo.exlibrisgroup.com/permalink/01CALS_HUL/omcour/alma999688645202909
"Carranco (Lynwood) Papers  Finding Aid,",Archives,Multiple Dates,"Lynwood (Links) Carranco (April 2, 1921-July 1, 1987) was born in Samoa, California, a company town owned by Hammond Lumber, and worked in the mills as a young man. He became a teacher, historian and meticulous researcher, writing on the history of his native Humboldt County and northwestern California, especially logging history. His papers reflect the subject matter of his historical writings. For an introductory guide to the content of Carranco's papers, see the two bibliographies of his published works.","Kinman, Seth, Kinman, Seth, Shipwrecks. Yuki Indians Naufrages. shipwrecks. Shipwrecks. Yuki Indians. Samoa (Calif.) Humboldt County (Calif.) California California California",Finding Aid,Rights Reserved,https://img.icons8.com/color/96/folder-invoices--v1.png,https://csu-humboldt.primo.exlibrisgroup.com/permalink/01CALS_HUL/omcour/alma999688645302909
"Butler Valley Dam Collection  Finding Aid,",Archives,Multiple Dates,"In the 1960s the Army Corps of Engineers proposed damming the Mad River in Humboldt County, California. The dam would have flooded the Butler Valley/Maple Creek area and impacted the middle Mad River watershed. Within the affected area Gordon and Billie Mason owned property that straddled the river. The collection is an assortment of reports, correspondence, articles, and news clippings that describe the project and the reaction from the community. The dam was never built.",Mad River (Calif.) Humboldt County (Calif.) California California,Finding Aid,Rights Reserved,https://img.icons8.com/color/96/folder-invoices--v1.png,https://csu-humboldt.primo.exlibrisgroup.com/permalink/01CALS_HUL/omcour/alma999688645402909
"Buckley (Thomas) Collection  Finding Aid,",Archives,Multiple Dates,"Thomas (Tim) Buckley, professor of anthropology and American Studies at University of Massachusetts, Boston (1980-2000), had a primary research interest in the Yurok Indians of northwestern California, beginning with his graduate work (1977, 1982) and culminating in the 2002 publication of Standing Ground: Yurok Indian Spirituality, 1850-1990. His papers include published and manuscript materials related to these publications, to the Gasquet-Orleans (G-O) Road (Lyng v. NICPA) in the 1970s-80s, northwestern California environmental issues, land claims issues, fishing rights, Yurok traditional law, culture, language, and tribal government.",Yurok Indians Yurok Indians Yurok Indians Yurok Indians Yurok Indians Yurok Indians. Yurok Yurok Yurok Yurok Yurok Yurok. Yurok Indians. Yurok Indians Gasquet Ranger District (Calif.) Northern California.,Finding Aid,Rights Reserved,https://img.icons8.com/color/96/folder-invoices--v1.png,https://csu-humboldt.primo.exlibrisgroup.com/permalink/01CALS_HUL/omcour/alma999688645502909
"Boyle Photograph Collection  Finding Aid,",Archives,Multiple Dates,"The Boyle Photograph Collection consists of photographic negatives taken by Katie and William Boyle of the Trinidad, Moonstone, Crannell and Westhaven areas of Humboldt County, California from 1966 through the early 1990s. As a school teacher in Trinidad, Katie photographed local historical photo collections covering the area's history, including local Indians, whaling, lighthouse keepers, schools, lumbering and transportation. In addition, she photographed contemporary local events such as the Trinidad bicentennial celebration and the Clam Beach Run. Her husband Bill worked for Hammond Lumber Company in Crannell, later Georgia Pacific, and took many photos documenting logging operations and practices as they existed in the 1960s and 1970s. A unique feature of the collection is the multiple re-photographing of views previously recorded by other photographers since Katie was particularly interested in documenting landscape change over time.",Hammond Lumber Company. Hammond Lumber Company Forests and forestry. Lighthouses. Lumbering. Whaling. Yurok Indians. Phares. Forêts Baleines Yurok. lighthouses. Forests and forestry Lighthouses Lumbering Whaling Yurok Indians Crannell (Calif.) Trinidad (Calif.) California,Finding Aid,Rights Reserved,https://img.icons8.com/color/96/folder-invoices--v1.png,https://csu-humboldt.primo.exlibrisgroup.com/permalink/01CALS_HUL/omcour/alma999688645602909
"Bloom (Charles) Slide Collection  Finding Aid,",Archives,Multiple Dates,"Charles Bloom was a librarian at Humboldt State University from 1952 until 1983 when he retired. The Charles Bloom Slide Collection consists of photographic slides he took while in northwestern California or traveling. His role as Faculty Advisor for the Boot and Blister Club, as well as an interest in conservation and the natural resources, led him to make extensive photo-documentation of his trips.",Humboldt State University Humboldt State University Humboldt County (Calif.) California,Finding Aid,Rights Reserved,https://img.icons8.com/color/96/folder-invoices--v1.png,https://csu-humboldt.primo.exlibrisgroup.com/permalink/01CALS_HUL/omcour/alma999688645702909
"Balke Collection  Finding Aid,",Archives,Multiple Dates,"The collection includes materials pertaining to the company town of the Little River Redwood Company, called first Bulwinkle, then Crannell. There is a ledger book, No. 1, L.R.R. Co., with entries as early as 1906, Index to the Affidavits of Registration for the voter precincts of Little River (1912, 1914, 1922, 1926) and Crannell (1944, 1946) and minutes books of the Crannell Womens Club (1920-21, 1922-28, 1939-43, 1949-51.) Additionally, there is a scrapbook about the Happy Planters Club (1956-63).",Little River Redwood Company Company towns. Company towns. Crannell (Calif.),Finding Aid,Rights Reserved,https://img.icons8.com/color/96/folder-invoices--v1.png,https://csu-humboldt.primo.exlibrisgroup.com/permalink/01CALS_HUL/omcour/alma999688645802909
"Arcata Historical Resources Survey 2012  Finding Aid,",Archives,Multiple Dates,"The Historical Resources Survey 2012 Collection was donated by the Historical Sites Society of Arcata (HSSA). The City of Arcata contracted with Suzanne Guerra, Guerra & McBane LLC, to conduct the cultural resources survey, produce a historical context for Arcata, an architectural style guide, and training materials to assist staff and volunteers in recording historic buildings and structures. The study would focus on the East Arcata-Bay View neighborhood with a preliminary assessment of the planned community of Sunny Brae. The HSSA provided access to their major collection of photographs, additional research materials on historic properties and local architecture, volunteers, database software and iPad computer hardware. Additional research was conducted in Special Collections, Humboldt State University Library, the Humboldt County Historical Society and the Humboldt County Library, and in personal collections when appropriate.","City planning City planning. Arcata (Calif.) Sunny Brae (Arcata, Calif.) Arcata (Calif.) California California",Finding Aid,Rights Reserved,https://img.icons8.com/color/96/folder-invoices--v1.png,https://csu-humboldt.primo.exlibrisgroup.com/permalink/01CALS_HUL/omcour/alma999688645902909
"Genzoli (Andrew) Collection  Finding Aid,",Archives,Multiple Dates,"The Genzoli Collection consists of historical materials relating to Northwestern California, especially Humboldt County, and reflects all aspects of Genzoli's career and volunteer work as journalist and teacher. These include manuscripts, scrapbooks, clippings, notes, newspaper indexes (for late 19th Century), photographs, and ephemera.","Kinman, Seth, Dairying Journalism Sasquatch Agriculture Industrie laitière Journalisme Sasquatch. Agriculture Agriculture. Dairying. Journalism. Sasquatch. Ferndale (Calif.) Humboldt County (Calif.) Humboldt County (Calif.) California California",Finding Aid,Rights Reserved,https://img.icons8.com/color/96/folder-invoices--v1.png,https://csu-humboldt.primo.exlibrisgroup.com/permalink/01CALS_HUL/omcour/alma999688646002909
"Galloway (R. Dean) Papers  Finding Aid,",Archives,Multiple Dates,"Between 1956-1958 librarian Dean Galloway and his family traveled to Tehran, Iran for a two-year librarianship position in the Institute for Administrative Affairs Library, within the Faculty of Law Department, at the University of Tehran. During his stay he wrote to his friends and coworkers at Humboldt State University Library about his experiences living and working in Iran.",Humboldt State University Humboldt State University Tehran (Iran) Iran,Finding Aid,Rights Reserved,https://img.icons8.com/color/96/folder-invoices--v1.png,https://csu-humboldt.primo.exlibrisgroup.com/permalink/01CALS_HUL/omcour/alma999688646202909
"Fort Baker/Porter Family Collection  Finding Aid,",Archives,Multiple Dates,"The day-by-day farm and homestead activities of the Porter Family's large sheep ranch in southeast Humboldt County, CA are detailed in business receipts, daybooks, correspondence and a small number of photographs. The activities recorded in this collection took place in Eureka, Fort Baker, Hydesville, Iaqua and other areas of rural Humboldt County.",Agriculture Agriculture Agriculture. Humboldt County (Calif.) California,Finding Aid,Rights Reserved,https://img.icons8.com/color/96/folder-invoices--v1.png,https://csu-humboldt.primo.exlibrisgroup.com/permalink/01CALS_HUL/omcour/alma999688646702909
"Fish and Game Slides of Ralph B. McCormick  Finding Aid,",Archives,Multiple Dates,"Ralph B. McCormick took slides relating to his professional responsibilities as a biologist with the California Fish and Game Department during the 1950s and of other views that interested him. Most images are from Humboldt and Del Norte Counties in northern California. Subjects include: stream disruption/damage, logging, fisheries, fishing boats, Eureka street scenes, landscapes and wildflowers.",,Finding Aid,Rights Reserved,https://img.icons8.com/color/96/folder-invoices--v1.png,https://csu-humboldt.primo.exlibrisgroup.com/permalink/01CALS_HUL/omcour/alma999688646802909
"Fairless (Alexandra) Campaign Collection  Finding Aid,",Archives,Multiple Dates,"This collection consists of campaign material from Alexandra Fairless' 1972 election to Arcata City Council and her re-election to city council in 1976. The documents reflect her campaign's staffing and organization as well as speaking engagements and print material from her campaigns. Of particular interest to researchers are photographs used in campaign print material, and questionnaires that city council candidates answered for various media outlets. Also of interest is her speaking engagements and copies of speeches for various community groups. Alexandra Fairless was Arcata's first female City Council Member and Mayor. She changed her last name from Fairless to Stillman in 1980.",Women Politics and government. Women Arcata (Calif.) Arcata (Calif.) California,Finding Aid,Rights Reserved,https://img.icons8.com/color/96/folder-invoices--v1.png,https://csu-humboldt.primo.exlibrisgroup.com/permalink/01CALS_HUL/omcour/alma999688646902909
"Fairbanks Photo Album  Finding Aid,",Archives,Multiple Dates,"The album consists of 119 photographs pertaining to the Fairbanks Family traveling from Orick in Humboldt County, California, and continuing along the Klamath River to Orleans in the 1920s. The bulk of the images are concerned with the construction of the Salmon River Road as well as the road along the Klamath River near the Salmon River in Siskiyou County, California.",Roads Routes Roads Klamath River (Or. and Calif.) Salmon River (Calif.) Humboldt County (Calif.) Klamath (Or. et Calif. : Fleuve) California California United States,Finding Aid,Rights Reserved,https://img.icons8.com/color/96/folder-invoices--v1.png,https://csu-humboldt.primo.exlibrisgroup.com/permalink/01CALS_HUL/omcour/alma999688647002909
"Eureka Waterfront Litigation Collection  Finding Aid,",Archives,Multiple Dates,"In 1968 a lawsuit was filed against the City of Eureka to determine who had legal ownership of land on the Eureka Waterfront. During the 13 year span of the case, Lazio v. City of Eureka, also known as the Eureka Tidelands Case, the law firm engaged by the City conducted extensive historical research on the complex history of the question. Their ""evidence"" included copies of original deeds and lawsuits dating back to before the establishment of the City. These documents, along with copies of many historical maps as well as a series of contemporary aerial photographs and archaeological findings commissioned for the case, are included in the collection which was donated by the City of Eureka to the Humboldt State University Library in 1984.","Docks. Harbors. Lumber trade. Lumbering. Shipping. Submerged lands. Docks. Ports. Bois Forêts Terres submergées. Docks. Harbors. Lumber trade. Lumbering. Shipping. Submerged lands. Humboldt Bay (Calif.) Eureka (Calif.) Humboldt, Baie de (Calif.) California Pacific Ocean",Finding Aid,Rights Reserved,https://img.icons8.com/color/96/folder-invoices--v1.png,https://csu-humboldt.primo.exlibrisgroup.com/permalink/01CALS_HUL/omcour/alma999688647102909
"Ericson Photograph Collection  Finding Aid,",Archives,Multiple Dates,"The Ericson Collection depicts a wide variety of everyday northwest California scenes and activities from the 1880s through the 1920s. Lumber industry, Native Americans, city and village street scenes (primarily Arcata), schools, portraits, and scenic views are the featured subjects of this collection. The primary photographer represented is A.W. Ericson with some by other family members.",Photographers Photography Photographes Photographie Photographers Photography California Humboldt County (Calif.) Humboldt County (Calif.) California California,Finding Aid,Rights Reserved,https://img.icons8.com/color/96/folder-invoices--v1.png,https://csu-humboldt.primo.exlibrisgroup.com/permalink/01CALS_HUL/omcour/alma999688647202909
"Environmental Protection Information Center (EPIC)/Headwaters Court Cases Collection - Headwaters Court Cases Collection  Finding Aid,",Archives,Multiple Dates,"This collection is the product of a series of court cases filed by the Environmental Protection Information Center (EPIC), Sierra Club, and United Steelworkers of America during the 1990s and early 2000s against Pacific Lumber Company (PALCO)/Maxxam. The litigation in these cases focused on the environmental effects of PALCO's logging practices around what is now the Headwaters Forest Reserve in Humboldt County, California. The bulk of the collection consists of evidentiary documents provided by the California Department of Forestry and Fire Protection (CDF) and the California Department of Fish and Game (DFG) for the court case EPIC v. CDF, et. al. The strengths of this collection are materials that relate to local endangered species such as the Northern Spotted Owl, the Marbled Murrelet, and the Coho Salmon, as well as affected watersheds including the Bear/Mattole River, Eel River, Van Duzen River, Yager Creek, Freshwater Creek, and Humboldt Bay.",Coho salmon. Logging Logging Logging Marbled murrelet. Northern spotted owl. Old growth forest conservation. Redwoods Sustainable forestry. Oncorhynchus kisutch Saumon coho. Forêts Forêts Guillemot marbré. Chouette tachetée du Nord. Séquoias Foresterie durable. Coho salmon. Logging. Logging Marbled murrelet. Northern spotted owl. Old growth forest conservation. Redwoods. Sustainable forestry. Mattole River (Calif.) Van Duzen River (Calif.) Eel River (Calif.) Headwaters Forest Wilderness (Calif.) Eel (Calif. : Fleuve) California. California California California California California,Finding Aid,Rights Reserved,https://img.icons8.com/color/96/folder-invoices--v1.png,https://csu-humboldt.primo.exlibrisgroup.com/permalink/01CALS_HUL/omcour/alma999688647302909
"Dunning (Joan) Collection  Finding Aid,",Archives,Multiple Dates,"Research materials gathered by Joan Dunning for the book she wrote in conjunction with photographer Doug Thron: From the Redwood Forest - Ancient Trees and the Bottom Line: The Headwaters Journey, published in 1998.",,Finding Aid,Rights Reserved,https://img.icons8.com/color/96/folder-invoices--v1.png,https://csu-humboldt.primo.exlibrisgroup.com/permalink/01CALS_HUL/omcour/alma999688647402909
"Mattole Watershed Alliance  Finding Aid,",Archives,Multiple Dates,"In the early 1990s residents of the lower Mattole River (Humboldt County, CA) watershed created the Mattole Watershed Alliance to work on improving Mattole River conditions toward the common goal of preserving populations of wild salmonids. The collection provides information about the group's activities and the challenges that the initial goodwill and successes could not overcome. The Alliance's goals, actions, and group process are described in The Mattole Watershed Alliance: A Case Study of Community-Based Consensus by Brain, Meyer and Rafferty which is included in this collection.",Mattole Watershed Alliance Salmon fisheries Salmon fisheries. Mattole River Valley (Calif.) Mattole River Watershed (Calif.) California,Finding Aid,Rights Reserved,https://img.icons8.com/color/96/folder-invoices--v1.png,https://csu-humboldt.primo.exlibrisgroup.com/permalink/01CALS_HUL/omcour/alma999688647602909
"Humboldt County Map Collection  Finding Aid,",Archives,Multiple Dates,"The geographic focus of the HCC Maps Collection is Northwestern California, including towns, timber lands, railroad lines, waterways, and mines. Maps range in subject matter and purpose: coastal surveys, environmental inventories and analyses, geologic studies including earthquakes and landslides, public lands, maritime activities including shipwrecks, flood insurance and Sanborn maps, topographic and orthophotoquad maps.",Real property Real property. California,Finding Aid,Rights Reserved,https://img.icons8.com/color/96/folder-invoices--v1.png,https://csu-humboldt.primo.exlibrisgroup.com/permalink/01CALS_HUL/omcour/alma999688647702909
"Louisiana Pacific/Hammond Lumber Company Collection  Finding Aid,",Archives,Multiple Dates,"Company records for Vance Redwood Lumber Company; Hammond Lumber Company, Hammond & Little River Redwood Company, Hammond Redwood Lumber Company; Georgia- Pacific Corporation; and the Louisiana Pacific Corporation-Samoa Division. Contents include maps, blueprints, and detailed architectural drawings for buildings, structures, tools, and equipment; timber and railroad engineering surveys, notes and maps; Engineering Department files and records; public relations and publicity materials including photographic prints, slides, negatives, and pulp operation newsletter; legal files relating to business transactions, railroad property disputes, and worker health and safety issues from 1871 to 1992; letters of applications 1923-1924. This collection documents company operations throughout California and in Oregon; strengths include industrial drawings and architectural plans for mills, company towns and mobile field camps; an extensive collection of maps and plans documenting logging operations, property holdings and company railroads; and dealings with major property owners in the region. Sites include Samoa, Samoa Peninsula, Humboldt Bay, Big Lagoon, Crannell, Eureka, Fieldbrook, Trinidad, the Simpson Pulp Mill; other California operations, including Mendocino County, Santa Cruz County, the San Pedro lumber yard; Oregon, including Astoria, Hammond, Mill City; Eel River, Luffenholtz Creek, Little River, Mad River, Redwood Creek; the Eureka and Klamath River Railroad and Northwest Pacific Railroad, and a full transcript and legal files for the suit between the Eureka and Klamath River Railroad Co. et al VS California and Northern Railway Co, et al, in 1911.",Hammond Lumber Company. Hammond Lumber Company Logging Lumber trade Lumbering Coast redwood. Forest management Forêts Bois Séquoia toujours-vert. Forêts Coast redwood Forest management Logging Lumber trade Lumbering Humboldt County (Calif.) Samoa (Calif.) California California,Finding Aid,Rights Reserved,https://img.icons8.com/color/96/folder-invoices--v1.png,https://csu-humboldt.primo.exlibrisgroup.com/permalink/01CALS_HUL/omcour/alma999688647802909
"Klamath Forest Alliance Collection  Finding Aid,",Archives,Multiple Dates,"The collection was created by the Klamath Forest Alliance (KFA) and Felice Pace (Mr.). Between the late 1980s and 2010, KFA, with Felice as its leader, played major roles in the timber wars in northwest California and southwest Oregon, including timber sale appeals and litigation to defend roadless areas, the Northern Spotted owl controversy, and efforts to protect Ancient Forests through federal legislation. KFA championed conservation biology approaches to protecting biological diversity and the protection of biological corridors linking protected areas, including via development of the Klamath Corridors Proposal and through national forest plans. KFA also worked to protect and restore Pacific Salmon species, to promote watershed restoration and the restoration economy as an alternative to timber dependence, and to persuade the Forest Service to decommission logging roads that posed watershed risks. Volunteer watershed advocacy in the Salmon and Scott River Basin and participation in the federal Klamath River Basin Restoration Program by KFA co-founders Felice Pace and Petey Brucker grew into KFA's River Program. The collection includes Felice's prior work with California Indigenous American tribes and NGOs, Siskiyou County, the Marble Mountain Audubon Society and the Siskiyou Regional Education Project that promoted bioregionalism and published Siskiyou Country Magazine in the 1980s. It includes press clip series on national forest and Klamath River issues and information on operations of the anti-environmental Wise Use Movement in Northern California and Southern Oregon.",Old growth forests. Pacific salmon. Wise Use movement. Anti-environmentalism. Environmentalism Bioregionalism. Fisheries Forest roads. Landslides. Watershed restoration. Herbicides Saumons du Pacifique. Wise Use (Mouvement) Antiécologisme. Environnementalisme Biorégionalisme. Pêches Routes forestières. Bassins hydrographiques Herbicides Anti-environmentalism Bioregionalism Environmentalism Fisheries Forest roads Herbicides Landslides Old growth forests Pacific salmon Watershed restoration Wise Use movement Klamath River (Or. and Calif.) Klamath National Forest (Calif. and Or.) Klamath (Or. et Calif. : Fleuve) California Northern California United States United States,Finding Aid,Rights Reserved,https://img.icons8.com/color/96/folder-invoices--v1.png,https://csu-humboldt.primo.exlibrisgroup.com/permalink/01CALS_HUL/omcour/alma999688647902909
"Indigenous Living Biographies Collection  Finding Aid,",Archives,Multiple Dates,"This collection contains interviews from living indigenous community members from the Humboldt region. The oral histories provide a lived experience and insight to the cultures and history represented in the video series. Interviewees are from the Yurok, Wiyot, Karuk, Tolowa, and Hupa tribes. Topics in the collection include the Yurok language, culture, basketry and singing, the Yurok world view and traditions; Karuk veteran stories; Wiyot history and stories; Hupa history, culture and music and Tolowa history.",Indians of North America Hupa Indians. Karuk Indians. Tolowa Indians. Wiyot Indians. Hupa. Karok. Tolowa. Wiyot. Hupa Indians Indians of North America Karuk Indians Tolowa Indians Wiyot Indians Northern California,Finding Aid,Rights Reserved,https://img.icons8.com/color/96/folder-invoices--v1.png,https://csu-humboldt.primo.exlibrisgroup.com/permalink/01CALS_HUL/omcour/alma999688648002909
"HSU Public Affairs Collection  Finding Aid,",Archives,Multiple Dates,"The HSU Public Affairs Collection consists of news releases and photographs produced by the Office of Public Affairs and its successor in 1982, the Office of University Relations. Also included are newspaper clippings about the University. Primary coverage is from the 1950s through the 1990s with additional material dating back to the founding of the College in 1913 and coming into the early 2000s. Digital creation and storage of these functions began in the mid-2000s and was formalized when the office became Marketing & Communications in 2007.",Humboldt State University Humboldt State University,Finding Aid,Rights Reserved,https://img.icons8.com/color/96/folder-invoices--v1.png,https://csu-humboldt.primo.exlibrisgroup.com/permalink/01CALS_HUL/omcour/alma999688648102909
"Hoyle (True) Collection  Finding Aid,",Archives,Multiple Dates,"The True Hoyle collection consists of photographs, newspapers clippings, and documents related to True Dolson Hoyle and her family spanning two generations. In addition, there are transcribed letters written between True and her family when she attended Humboldt State University. This collection documents the Dolson Hoyle family who were prominent members of the Humboldt County community.",Arcata (Calif.) Arcata (Calif.) California,Finding Aid,Rights Reserved,https://img.icons8.com/color/96/folder-invoices--v1.png,https://csu-humboldt.primo.exlibrisgroup.com/permalink/01CALS_HUL/omcour/alma999688648202909
"Hover Photograph Collection  Finding Aid,",Archives,Multiple Dates,"The Hover Collection contains 48 images depicting early 1900s life along the Klamath River in Humboldt and Siskiyou counties, California within the Karuk Indian homeland region. The images present activities of ceremonial significance as well as everyday Native American life, plus portraits, landscapes, and basket collections.",Karuk Indians. Karuk baskets. Karok. Karuk baskets Karuk Indians,Finding Aid,Rights Reserved,https://img.icons8.com/color/96/folder-invoices--v1.png,https://csu-humboldt.primo.exlibrisgroup.com/permalink/01CALS_HUL/omcour/alma999688648302909
"Herrick Land Survey and Map Collection  Finding Aid,",Archives,Multiple Dates,"The Herrick Land Survey and Map Collection consists of land survey drawings and maps of Humboldt County, including a few of areas in Del Norte County (California) covering the 1890 - 1930 time period. The vast majority of surveys and maps were drawn by F.E. Herrick. The collection includes a few engineering drawings.",Land use Land use. Humboldt County (Calif.) California California,Finding Aid,Rights Reserved,https://img.icons8.com/color/96/folder-invoices--v1.png,https://csu-humboldt.primo.exlibrisgroup.com/permalink/01CALS_HUL/omcour/alma999688648402909
"Herman (Morris) Collection  Finding Aid,",Archives,Multiple Dates,"Morris (Morry) Herman continually produced poetry and frequently shared his poetry at readings in Arcata, CA, and in several small self-published booklets during the 1970s, 1980s and early 1990s. This collection of about 150 type written pages was preserved by his friend, Jenna Magneson Anderson, from 1993-2009.",Poetry. Poésie. poetry. Poetry.,Finding Aid,Rights Reserved,https://img.icons8.com/color/96/folder-invoices--v1.png,https://csu-humboldt.primo.exlibrisgroup.com/permalink/01CALS_HUL/omcour/alma999688649402909
"Shuster Aerial Photograph Collection  Finding Aid,",Archives,Multiple Dates,"Between 1946 and the mid 1960s Merle Shuster was hired by land developers, timber owners, and lumber mill owners to photograph specific sites. Approximately half the images in the collection come from these assignments and the other half are what Mr. Shuster chose to photograph as he was flying to and from the designated site. Most of the images are taken at an oblique angle, giving the viewer a richer sense of the landscape. Scenes from the burgeoning post-war lumber industry on Humboldt Bay and nearby coastal areas form the majority of the collection. Other scenes include rivers, country roads and farmsteads, small towns, and stunning landscapes. Humboldt Bay, Eureka, Arcata, Trinidad, and Crescent City are particularly well documented.","Aerial photography. Forests and forestry. Housing. Land use. Lumbering. Transportation. Logging. Photographie aérienne. Utilisation du sol. Forêts Transport. aerial photography. transportation. Logging Aerial photography Forests and forestry Housing Land use Lumbering Transportation Arcata (Calif.) Eureka (Calif.) Humboldt Bay (Calif.) Humboldt County (Calif.) Humboldt, Baie de (Calif.) California California California Pacific Ocean",Finding Aid,Rights Reserved,https://img.icons8.com/color/96/folder-invoices--v1.png,https://csu-humboldt.primo.exlibrisgroup.com/permalink/01CALS_HUL/omcour/alma999688649502909
"Save the Redwoods League - Humboldt County Group  Finding Aid,",Archives,Multiple Dates,"The Save The Redwoods League - Humboldt County Group Collection consists of organizational materials (financial, correspondence, meeting notes) that show the range of community involvement and some of the activities undertaken during the time the group was active.",Save the Redwoods League. Save the Redwoods League Forest reserves Réserves forestières Forest reserves Humboldt County (Calif.) California California,Finding Aid,Rights Reserved,https://img.icons8.com/color/96/folder-invoices--v1.png,https://csu-humboldt.primo.exlibrisgroup.com/permalink/01CALS_HUL/omcour/alma999688649602909
"Roberts Photograph Collection  Finding Aid,",Archives,Multiple Dates,"The Roberts Photograph Collection documents life on the Yurok Indian Reservation along the lower Klamath River in northwestern California, primarily during the period of 1915 to 1933. It is the private collection of Mrs. Ruth Kellet Roberts, containing 536 photographs, many of them taken by Mrs. Roberts herself as an amateur photographer. They include photographs of her many friends in the Yurok Indian community and their daily activities and ceremonies, early photographs of the town of Requa, of the Pecwan-Johnsons area, and various landscape features of the surrounding area.",Yurok Indians. Yurok. Yurok Indians. Klamath River (Or. and Calif.) Klamath (Or. et Calif. : Fleuve) United States,Finding Aid,Rights Reserved,https://img.icons8.com/color/96/folder-invoices--v1.png,https://csu-humboldt.primo.exlibrisgroup.com/permalink/01CALS_HUL/omcour/alma999688649702909
"Palmquist/Yale Digital Collection  Finding Aid,",Archives,Multiple Dates,"Through an agreement between Yale's Beinecke Rare Book and Manuscript Library and Humboldt State University's Library, 740 images from the Peter Palmquist Collection at the Beinecke were digitized there and then cataloged at the HSU Library. Some highlights of this digital collection are: Highway 101 and landscape views from the 1940s, a fire engulfing the Sound Lumber Co. in Arcata in 1965, main streets of many of the region's smaller communities, auto camp businesses catering to tourists on the Redwood Highway, national figures campaigning in the area such as Robert Kennedy and Barry Goldwater, industrial activity on Humboldt Bay, and images of Hoopa from Nellie McGraw's circa 1901 photo album. Several batches of images were taken by Palmquist himself. Peter was a professional photographer; his artistic and technical abilities are evident in his images. Until now Palmquist's images have not been widely available in his home region.","Palmquist, Peter E. Palmquist, Peter E. Photographers Photography Photographes Photographie Photographers Photography Humboldt County (Calif.) California",Finding Aid,Rights Reserved,https://img.icons8.com/color/96/folder-invoices--v1.png,https://csu-humboldt.primo.exlibrisgroup.com/permalink/01CALS_HUL/omcour/alma999688649802909
"Palmquist's Lucy Thompson File  Finding Aid,",Archives,Multiple Dates,"Peter Palmquist's wide ranging research interests included the Thompson Family, starting with Burtha Thompson's (spelled Bertha in many sources) work as a model for photographer Emma Freeman. Palmquist granted permission to the HSU Library's Special Collections to photocopy items from his information file on Lucy and Milton J. Thompson. In 2012 the Beinecke Rare Book and Manuscript Library granted HSU Library permission to include digital files of selected items from the Peter E. Palmquist Collection. This collection provides information about the extended Thompson Family and the timber and land related activities of Milton J. Thompson. Lucy Thompson (Yurok) is the author of To the American Indian: Reminiscences of a Yurok Woman, first published in 1916, republished in 1991 with a foreword by Palmquist.",Yurok Indians. Yurok. Yurok Indians. Del Norte County (Calif.) Humboldt County (Calif.) California California,Finding Aid,Rights Reserved,https://img.icons8.com/color/96/folder-invoices--v1.png,https://csu-humboldt.primo.exlibrisgroup.com/permalink/01CALS_HUL/omcour/alma999688649902909
"Palmquist (Peter E.) Working Photograph Collection  Finding Aid,",Archives,Multiple Dates,"The Peter E. Palmquist Working Photograph Collection contains approximately 5,000 images from Northwest California, especially Humboldt County. 3,700 of these images can be viewed in the Library's Humboldt Room and searched through the Humboldt Room Photograph Collections database. There is a close association between this collection and major portions of the Peter E. Palmquist Photograph Collection at the Beinecke Rare Book and Manuscript Library at Yale University.","Palmquist, Peter E. Palmquist, Peter E. Photographers Photography Photographes Photographie Photographers Photography Humboldt County (Calif.) California",Finding Aid,Rights Reserved,https://img.icons8.com/color/96/folder-invoices--v1.png,https://csu-humboldt.primo.exlibrisgroup.com/permalink/01CALS_HUL/omcour/alma999688650002909
"Neill Photo Album  Finding Aid,",Archives,Multiple Dates,"The album consists of 292 photographs pertaining to the Neill Family living in Scotia, Humboldt County, California, during the early 20th century. Images within the album reflect the everyday lives of the family including snapshots of Scotia, local residents and residences, Pacific Lumber Company's mill and operations, vacations taken, and trips into the surrounding forest",Scotia (Calif.) California,Finding Aid,Rights Reserved,https://img.icons8.com/color/96/folder-invoices--v1.png,https://csu-humboldt.primo.exlibrisgroup.com/permalink/01CALS_HUL/omcour/alma999688650102909
"McKay (Tim) Postcard Collection  Finding Aid,",Archives,Multiple Dates,"The postcard collection, especially those showing Northwestern California scenes, follow Tim McKay's lifelong interests in the natural world and in the ways that people and communities use their surroundings for livelihood and solace.",Humboldt County (Calif.) Humboldt County (Calif.) California,Finding Aid,Rights Reserved,https://img.icons8.com/color/96/folder-invoices--v1.png,https://csu-humboldt.primo.exlibrisgroup.com/permalink/01CALS_HUL/omcour/alma999688650202909
"McKay (Tim) Collection  Finding Aid,",Archives,Multiple Dates,"The Tim McKay Collection holds an excellent representation of the materials generated by environmental activists from the 1970s to 2006. McKay was employed by the Northcoast Environmental Center (NEC) in Arcata, California for 31 years, and was Executive Director for 30 of those years. In that position, Tim was at the center of a large network and information clearinghouse for issues of local, regional, state, national, and world wide concern. The collection is especially rich in information about north coast regional forest land management, ancient forests/old growth, the Klamath/Siskiyou area, the Gasquet Orleans Road (G-O Rd.), national forests, and endangered species. Other strengths include forest practices, wilderness, bioregionalism, and land use policies. The McKay Postcard Collection was donated at same time and is maintained as a separate collection, 2007.02.",,Finding Aid,Rights Reserved,https://img.icons8.com/color/96/folder-invoices--v1.png,https://csu-humboldt.primo.exlibrisgroup.com/permalink/01CALS_HUL/omcour/alma999688650302909
"Tooby and Prior Photo Album  Finding Aid,",Archives,Multiple Dates,"The album consists of 129 photographs pertaining to the Tooby and Prior families who ran a cattle company in Blocksburg, Humboldt County, California, during the early 20th century. Most images include Tooby or Prior family members, social gatherings, ranching activities, landscapes, and the Blockburg area.",Ranch life Vie au ranch Ranch life. Blocksburg (Calif.) California,Finding Aid,Rights Reserved,https://img.icons8.com/color/96/folder-invoices--v1.png,https://csu-humboldt.primo.exlibrisgroup.com/permalink/01CALS_HUL/omcour/alma999688650402909
"Theatre Arts Archive  Finding Aid,",Archives,Multiple Dates,"This is a very rich history of the multiple departments relating to Speech, Drama, Theatre, Communication and more, from the initial offering of one course in Speech/Drama in 1914, and the first production on December 3, 1914 of ""Her Own Way,"" by Clyde Fitch, at Pettengill's Minor Theatre. The narrator, and primary creator of the collection of performance photographs and playbills, is Dr. John Pauley. The collection complements his ""Story of Humboldt State University Theatre Arts Department"" covering the years 1914-1979",Humboldt State University. Humboldt State University. Humboldt State University. Theater Théâtre Theater. California,Finding Aid,Rights Reserved,https://img.icons8.com/color/96/folder-invoices--v1.png,https://csu-humboldt.primo.exlibrisgroup.com/permalink/01CALS_HUL/omcour/alma999688650502909
"Swanlund-Baker Photograph Collection  Finding Aid,",Archives,Multiple Dates,"The Swanlund-Baker Collection depicts a wide variety of everyday northwest California scenes and activities from the early twentieth century. Lumber industry, tanbark industry, flower nurseries, city and village street scenes, schools, portraits, parks, ships, shipbuilding, shipwrecks, and rivers are the featured subjects of this collection. The primary photographer represented is Ray Jerome Baker who lived in Humboldt County from 1904-1910.","Baker, Ray Jerome, Baker, Ray Jerome, Cottage Gardens Nurseries. Lumbering Forêts Lumbering Humboldt County (Calif.) California",Finding Aid,Rights Reserved,https://img.icons8.com/color/96/folder-invoices--v1.png,https://csu-humboldt.primo.exlibrisgroup.com/permalink/01CALS_HUL/omcour/alma999688651002909
"Stutz (Jodie) Papers  Finding Aid,",Archives,Multiple Dates,"Jodi Lee Stutz, Humboldt State University 1984, was associated with the University's literary magazine, Toyon, as Assistant Editor in 1983 and Managing Editor in 1984. After her death in 1987, Toyon created the Jodi Stutz Memorial Award in Poetry in her honor and her papers, including original literary manuscripts, were donated to the HSU Library.",Humboldt State University. American literature Littérature américaine American literature.,Finding Aid,Rights Reserved,https://img.icons8.com/color/96/folder-invoices--v1.png,https://csu-humboldt.primo.exlibrisgroup.com/permalink/01CALS_HUL/omcour/alma999688651102909
"Strope (Glady) Collection  Finding Aid,",Archives,Multiple Dates,"The Glady Strope Mental Health Citizens Advocacy Papers consists of the files and publications created and accumulated by Glady Strope while she served on mental health advisory committees and groups from the late 1950s until 2005 for Humboldt County and the State of California. It includes materials from a wide variety of governmental, professional and advocacy mental health entities. Glady Strope was instrumental in starting mental health services in Humboldt County, California. The collection reflects the evolution of mental health treatments and services and the increased involvement by citizen advocates, consumers and their families throughout the United States, during the last quarter of the 20th Century.",Mental health services Rural mental health services. Community mental health services. Services de santé mentale Services de santé mentale rurale. Services communautaires de santé mentale. Community mental health services. Mental health services. Rural mental health services. Humboldt County (Calif.) California,Finding Aid,Rights Reserved,https://img.icons8.com/color/96/folder-invoices--v1.png,https://csu-humboldt.primo.exlibrisgroup.com/permalink/01CALS_HUL/omcour/alma999688651202909
"Stewart (Connie) Assemblywoman Patty Berg Field Office Collection  Finding Aid,",Archives,Multiple Dates,"The collection consists of subject files created to serve Patty Berg's need for information for carrying out her legislative responsibilities and for serving the needs of her constituents. Subject areas include Aging, Healthcare, and Klamath River and other significant issues of that era, as well as files for most local governmental entities, Indian tribes, and most communities throughout Del Norte, Humboldt and Trinity counties. Patty Berg represented the 1st District in the California State Assembly from 2003 to 2008. Connie Stewart served as the Eureka Office Senior Field Representative during Berg's time in office.",Medical care Dam retirement Barrages Dam retirement. Economic history. Medical care. Politics and government. Del Norte County (Calif.) Humboldt County (Calif.) Humboldt County (Calif.) Humboldt County (Calif.) Trinity County (Calif.) California California California United States,Finding Aid,Rights Reserved,https://img.icons8.com/color/96/folder-invoices--v1.png,https://csu-humboldt.primo.exlibrisgroup.com/permalink/01CALS_HUL/omcour/alma999688651302909
"Stewart (Connie) Arcata City Council Collection  Finding Aid,",Archives,Multiple Dates,"This collection consists of material gathered by members of the City Council of Arcata, California from 1969-2008 (bulk dates 1988-2004). The documents reflect the management, organization, and planning that city councilmembers participated in during their tenure in office. These documents were generated or inherited by Connie Stewart's time in office. This collection's strength is its representation of what councilmembers use to make policy decisions.",Land use Transportation. Women Utilisation du sol Femmes Land use Politics and government. Transportation. Women Arcata (Calif.) Arcata (Calif.) California California,Finding Aid,Rights Reserved,https://img.icons8.com/color/96/folder-invoices--v1.png,https://csu-humboldt.primo.exlibrisgroup.com/permalink/01CALS_HUL/omcour/alma999688651402909
"Smith (Norman R.) Collection  Finding Aid,",Archives,Multiple Dates,"Norman R Smith's son Chester V Smith died on November 9, 1918, of pneumonia at Camp Colt, Gettysburg, Pennsylvania; this appears to be the inspiration that drove his devoted father to begin a series of diaries, titled The Bridge, written from 1918 through 1938. Smith recorded daily activities, including the weather, from his Moonstone Beach retirement home as he boldly visioned the future development of the town of Trinidad. The diaries also were a vehicle for Smith to express his continuing grief at the loss of his son, as virtually every entry contains a variant of this (from Jan 1, 1933): ... My Dear Dad: Trust God and hold fast onto me. I am with you and the Lord is with You. Be not discouraged nor cast down, all is Well ... Chester. Norman R Smith was a well-traveled surveyor and engineer with pipe dreams. His father, Victor Smith, of the town of Port Angeles WA, was lost on the Brother Jonathan shipwreck off Crescent City. Norman Smith also wrote a family history: Victory: Biography of Victor Smith was published serially in the Port Angeles Evening News in 1950.","Smith, Norman R. Smith, Victor. Trinidad (Calif.) Westhaven (Humboldt County, Calif.) California California",Finding Aid,Rights Reserved,https://img.icons8.com/color/96/folder-invoices--v1.png,https://csu-humboldt.primo.exlibrisgroup.com/permalink/01CALS_HUL/omcour/alma999688651502909
"Shuster Photograph Collection  Finding Aid,",Archives,Multiple Dates,"As a freelance photographer in Humboldt County during the mid 20th century, Merle Shuster was often contracted by local people, businesses, land developers, and insurance companies. Photographs in this collection represent a mixture of images he was hired to take as well as images he chose to take, helping to illustrate Humboldt County's growth during the post-war period. Highlights from the collection include: the evolution of suburban housing around Arcata, such as the Bloomfield and Sunny Brae areas; industry expansions and business developments in Eureka; documentation of accidents and natural disasters, including related recovery operations; and footage of marijuana seizures from both Campaign Against Marijuana Planting (CAMP) and Operation Greensweep in the 1990s.","Campaign Against Marijuana Planting (Organization) Earth First! (Organization) Campaign Against Marijuana Planting (Organization) Earth First! (Organization) Sunny Brae (Arcata, Calif.) Eureka (Calif.) Humboldt Bay (Calif.) Humboldt County (Calif.) Humboldt County (Calif.) Arcata (Calif.) Humboldt, Baie de (Calif.) California California California California Pacific Ocean",Finding Aid,Rights Reserved,https://img.icons8.com/color/96/folder-invoices--v1.png,https://csu-humboldt.primo.exlibrisgroup.com/permalink/01CALS_HUL/omcour/alma999688651602909
"Becking (Rudolf W.) Collection  Finding Aid,",Archives,Multiple Dates,"Rudolf Willem Becking was a professor of Forestry and Natural Resources at Humboldt State University from 1960-1983. He did extensive work in Northwestern California. His research interests included Redwoods, sustainable forestry (Plenturung), plant community ecology (Phytosociology), serpentine endemics, the Marbled Murrelet, timber cruise methodology, and many other topics. He worked in the Great Smoky Mountains in the 1950s-1960s and again in the 1970s. He did additional scholarly work in Indonesia, the USSR and in China. Becking also participated in political processes in the Northern California region. Highlights include involvement in the establishment and later expansion of Redwood National Park (1960s and 1970s), municipal environmental issues related to the city of Arcata, California and Humboldt Bay in the 1970s and 1980s, revision of the California Forest Practices Act in the 1970s, and many other regional environmental issues.","Humboldt State University. Forest management Darlingtonia californica. Douglas fir. Forest management Forests and forestry. Herbicides Logging. Marbled murrelet. Redwoods Forêts Forêts Herbicides Forêts Guillemot marbré. Séquoias Darlingtonia californica. Douglas fir. Forest management. Forests and forestry. Herbicides Logging. Marbled murrelet. Redwoods. Arcata Marsh and Wildlife Sanctuary (Calif.) Butler Valley Dam Gasquet Great Smoky Mountains National Park (N.C. and Tenn.) Humboldt Bay (Calif.) Klamath River Watershed (Or. and Calif.) Mad River (Calif.) Redwood National Park (Calif.) Great Smoky Mountains National Park (Car. du N. et Tenn.) Humboldt, Baie de (Calif.) Klamath, Bassin du (Or. et Calif.) Redwood National Park (Calif.) California California California Northern California. California Indonesia. Pacific Ocean United States United States",Finding Aid,Rights Reserved,https://img.icons8.com/color/96/folder-invoices--v1.png,https://csu-humboldt.primo.exlibrisgroup.com/permalink/01CALS_HUL/omcour/alma999688651702909
"Warren Photograph Collection  Finding Aid,",Archives,Multiple Dates,The Warren Photograph Collection provides a visual history of the lumber company town of Crannell (known as Bulwinkle prior to 1922) and the Little River Redwood Company (LRRC). LRRC purchased the Vance Redwood Mill in 1900 and merged with Hammond Lumber Company in 1931; these companies are also represented in this collection.,Little River Redwood Company Company towns. Forests and forestry. Lumbering. Forêts Company towns. Forests and forestry. Lumbering. California. Humboldt County (Calif.) Californie. California. California,Finding Aid,Rights Reserved,https://img.icons8.com/color/96/folder-invoices--v1.png,https://csu-humboldt.primo.exlibrisgroup.com/permalink/01CALS_HUL/omcour/alma999688651802909
Charles Irving Clay Papers  Finding Aid,Archives,Multiple Dates,"The collection comprises 14 folders containing 144 letters, 4 postcards and 39 photographs. There are three series: PROFESSIONAL CORRESPONDENCE includes an abundance of letters sent to Charles Irving Clay from 1894-1917. Included are letters requesting specimens, inquiries from organizations requesting C.I. Clay for specific jobs as well as letters informing him of his publications or requests for him to join clubs through memberships. PERSONAL CORRESPONDENCE includes a wide variety correspondence ranging from 1892-1918 with J.A. Clay (C.I. Clay's father), ""Frankie"" (C.I. Clay's wife) and various additional family members and close friends. PHOTOGRAPHS range from 1932-1968 and depict some specimens as well as living birds, various people and locations from travel. Many photos have written descriptions on the back.",Birds Birds Birds Oiseaux Birds California,Finding Aid,Rights Reserved,https://img.icons8.com/color/96/folder-invoices--v1.png,https://csu-humboldt.primo.exlibrisgroup.com/permalink/01CALS_HUL/omcour/alma999888208702909
Toyon Literary Journal collection  Finding Aid.,Archives,Multiple Dates,"This collection contains material related to past Toyon Award contests, controversial cover content (1969 issue w/ letter), visual art prints, issue layout designs w/ negatives, and Toyon technical paperwork. The contest ads were created by the student staff members of Toyon to help promote the Raymond Carver short story contest ( later renamed Richard Cortez Day Award), one of many themed awards that Toyon has continued to promote when calling for submissions each year. The layout designs included in the collection display both rough and final drafts of layouts that were created by students on the production team.","Cal Poly Humboldt University. College students' writings, American American literature American literature American literature Littérature américaine Littérature américaine Littérature américaine American literature. College students' writings, American. California",Finding Aid,Rights Reserved,https://img.icons8.com/color/96/folder-invoices--v1.png,https://csu-humboldt.primo.exlibrisgroup.com/permalink/01CALS_HUL/omcour/alma999899705802909
"Brian D. Tripp papers  Finding Aid,",Archives,Multiple Dates,"The Brian D. Tripp Papers include subject files on topics concerning his time as an artist, a poet, a teacher, a traditional singer and dancemaker. A significant portion of the collection deals with Tripp's artistic work and philosophy, and his participation in museum and art gallery exhibitions, both national and international.","Tripp, Brian D., Tripp, Brian D., Karuk artists Karuk art Art, Modern Art, American Art, Modern. Art, American. Art Artists Artists Activism. Anthropology. Ethnology Indian art Indian art Indian artists Indians of North America Indians of North America Art karok Art Art américain Art américain. Art Artistes Artistes Anthropologie. Ethnologie Artistes des Peuples autochtones Art précolombien art education. anthropology. Activism Anthropology Art, American Art, Modern Art Artists Artists Ethnology Indian art Indian artists Indians of North America Indians of North America Karuk art Karuk artists Gasquet-Orleans Road (Calif.) California, Northern Californie (Nord) California North America Northern California",Finding Aid,Rights Reserved,https://img.icons8.com/color/96/folder-invoices--v1.png,https://csu-humboldt.primo.exlibrisgroup.com/permalink/01CALS_HUL/omcour/alma999906608902909
Freeman Art Company Photograph Collection  Finding Aid,Archives,Multiple Dates,"This collection contains 747 images (615 acetate negatives; 95 glass plate negatives; and 37 print photographs) by the Freeman Art Company of Eureka, California. Subjects include towns, schools, Redwoods, fishing, Mad River construction projects, Eureka waterfront, breweries, agriculture, town bridges, rivers, parades, Days of General Grant festival, portraits, and other miscellaneous images. These images are mainly taken between 1930-1950 and show life in Humboldt County during this time period. The photographer is likely Stephen Fred Chamley who owned and operated the Freeman Art Company at this time.",Photography Photographers Photographs. Photographes Photographies. photographs.,Finding Aid,Rights Reserved,https://img.icons8.com/color/96/folder-invoices--v1.png,https://csu-humboldt.primo.exlibrisgroup.com/permalink/01CALS_HUL/omcour/alma999987708902909
